"external_risk_estimate","revolving_utilization","age_oldest_trade","delinquency_30","inquiry_6m","y"
87,1,144.762472887559,0,2,0
42,0.265840913883401,197.812868204692,0,0,1
23,0.755674985465562,0.430882092092948,0,2,1
84,0.60981146167403,12.6953579671681,0,0,0
70,0.197440898469434,106.7210432934,1,0,0
52,0.198494896761464,49.7097172960639,1,1,1
60,0.801536244962828,149.302101372777,0,2,0
30,1,202.65815193772,0,1,1
58,0.832858104525641,36.748007168062,0,1,0
84,0.451340040751094,3.74382988439564,0,1,0
42,0.634666298435887,175.784708643474,1,1,1
70,0.983635849431187,88.1317755629171,2,2,1
28,0.656209737949315,55.3613347467035,0,2,1
46,0.414728573408311,153.382824746972,0,1,0
40,0.216720427606082,276.138234255011,0,1,0
61,0.910866233831884,477.996073689476,2,5,0
72,0.162064796802295,25.4645329760388,0,2,0
76,0.916727592066967,145.249654329417,1,0,0
31,0.638281120788061,315.421454539765,0,0,1
25,0.739152567097663,37.9925487254386,1,0,1
37,0.938128149934098,6.16302059617106,1,2,0
81,0.331616240220331,141.583694960026,0,0,0
51,0.679180139206223,52.8725479962304,0,0,1
57,0.311326761990999,297.562118885214,0,0,0
29,0.850374738475338,22.27658622058,0,2,1
59,0.461153265149985,169.516744716164,1,0,1
90,0.236545951815567,19.7095181018578,0,3,1
91,0.255657996826906,29.1570231132209,0,1,0
46,0.494804356250003,79.7881464520825,0,1,0
49,0.609821213248525,28.9674170641229,0,0,0
87,0.35491374619873,394.632360730853,0,0,1
69,1,10.8177573326975,0,1,0
40,0.0513673295394827,93.8115157596398,0,2,1
48,0.660214202813958,163.562705610192,0,2,0
23,0.904694790861161,86.1821653182043,0,4,1
47,0.107791928604521,156.632928885933,0,0,0
54,0.989393435597001,98.8582732668502,0,4,0
72,0.887734004610211,278.265540530081,0,1,1
59,0.209845114404156,153.008671690033,0,0,1
64,1,45.4154825309192,1,3,1
40,1,10.2250249264762,0,1,1
31,0.324229275974999,136.33797481194,1,1,0
37,0.853012905942209,24.2537036783694,0,2,0
42,1,103.959628674237,0,1,1
38,0.0448101695806729,54.4191306869653,0,2,0
53,0.117361902339393,25.5748943705112,0,1,0
26,0.899297453190562,528.524255389561,0,3,1
48,0.173036162430966,92.0273034135236,1,1,1
74,1,201.708815461096,0,2,0
77,0.91890605158214,53.1156930280849,1,0,0
61,0.445480992718092,84.8486865384913,0,0,1
87,0.709750782312177,133.236082117109,0,1,0
33,0.634753986601529,132.733888006805,0,1,1
85,0.824634032682934,62.1010582521558,0,2,0
55,0.622015994353643,185.004889899936,0,4,1
40,0.28012557222507,238.310319432566,0,4,1
68,0.917582023905988,433.816827233127,0,1,0
61,0.663608787628621,324.614171292775,0,1,0
50,0.800504371200347,243.172945678139,0,0,0
66,0.177256977110059,108.885025973467,2,1,0
53,0.124799296642364,12.1021736226976,0,0,0
48,0.565500737482256,26.4532797690481,0,0,1
42,0.704556422917115,29.0121279630304,1,1,1
89,0.925243086969224,82.0160456886871,1,0,1
84,0.481616983755188,20.0935580627993,1,1,0
23,0.355216982516262,395.736743683035,0,1,1
63,1,37.271386674866,0,1,0
56,0.531170203933943,59.738494171761,0,2,0
26,0.290620565679579,18.1607965286821,1,1,0
55,0.920961600170261,442.316043819479,1,2,0
57,0.430404204693432,4.00712556936765,0,3,1
69,0.920325434298575,18.8069916308405,0,2,0
56,0.274386867462349,428.0897395268,1,2,0
85,1,225.175691684779,0,2,0
75,1,36.9664452178404,0,4,0
77,0.0322044183323946,700.844700835034,1,1,0
85,0.718531862850666,1.77886051653506,1,2,1
20,0.385955509597246,68.1323604332283,0,2,1
25,0.19588910665301,122.592308972998,0,0,1
66,0.364570186771474,676.916124336706,0,1,0
47,0.3474771590454,1.40299652703106,0,3,1
59,0.778878807366879,115.521680512501,0,3,1
62,0.192658574992712,134.369205893053,1,0,1
40,0.219570410277227,148.575169532595,1,3,1
49,0.80574013027608,50.7320099194754,0,2,1
24,0.927287667417521,91.4174383907232,2,2,0
75,0.875224006746286,65.7336911838502,0,0,0
50,0.91497102016351,293.179803942437,1,1,0
57,0.160279268248681,220.493455501344,0,2,0
24,0.7121941874009,108.339633164032,0,1,1
59,0.266892714887523,1.19912381616225,0,2,1
31,0.472823951122297,40.1112543744966,0,0,0
71,1,96.1469018319978,0,0,1
31,1,284.227241915757,2,0,0
66,0.696513475637533,139.222705517931,0,0,0
62,0.281768997539517,117.103123855813,0,1,1
29,0.557320062437611,138.164173117874,0,3,1
77,0.8232968243884,45.7317981123924,0,0,0
58,0.18951912958705,228.395913215425,0,2,0
77,0.93073126942869,193.528455728736,0,0,0
66,0.229525368071369,38.5069319326431,0,1,0
33,0.774705152987638,81.6101615589588,1,1,1
87,0.917993867613771,110.277526159955,0,2,0
43,0.748883330808859,35.2401992306113,0,1,1
88,0.484752965855986,7.76251520976452,0,0,1
35,0.194274794361247,44.7380315910532,0,2,0
72,0.344596453420121,475.08467046881,0,0,0
44,0.667906049093958,173.710922742989,1,0,1
87,0.65474090402471,24.411219661124,0,2,1
48,0.418532558719016,93.9655064931495,0,2,0
43,0.286536743575251,1.33437674958259,0,3,0
69,0.866546830225389,171.040934557166,1,5,1
65,0.10489275127744,117.008642376527,0,2,0
80,0.188296906365544,152.375562987326,0,0,0
41,0.681392332241662,43.1104972073808,0,1,1
18,0.54909502772818,173.465382614158,0,1,0
34,0.820387208238874,37.590611221085,0,0,1
52,0.157393081355482,7.37738110892439,1,1,1
51,0.721636316221717,17.252014834762,0,3,1
61,0.0501046437440135,17.4482656549662,0,2,0
30,0.657115076096027,26.9481854978949,1,0,1
86,0.826336833181302,145.574764763041,1,0,0
28,0.843892661123635,16.9381048215859,0,3,1
29,0.965539841541984,146.475148177741,0,1,1
68,1,270.622117449636,1,7,1
25,0.0590306821629748,105.694250860287,1,2,1
81,0.562728731010586,19.3051003338769,0,4,0
92,0.796952773833011,36.0101874731481,0,1,0
56,0,366.400317680233,0,1,0
82,0.679536773957756,45.4006843222305,1,4,0
31,0.819284284696762,172.633977802542,1,2,1
81,0.6893784585964,252.813058574791,0,1,0
45,0.329048511212275,163.022247729894,0,0,0
57,0.157170065975876,40.0524733358593,0,3,0
58,0.87583026207178,80.9307519672794,0,0,1
57,0.297379612810225,55.9935648040846,0,0,0
45,0.993427788945654,7.11412092205137,0,1,0
26,0.664934027782243,152.407056060655,0,1,1
67,0.781763668311146,28.6261316156015,0,1,0
53,0.950666799655984,32.4000062886626,0,2,1
89,0.594527561083468,211.433718288389,0,0,1
88,0.777260683825193,2.36092459410429,1,1,1
79,0,119.225727166085,1,0,0
65,0.838379372849882,5.52645053248852,0,0,1
46,0.464968010215078,225.747535610643,0,3,0
85,0.765652834818564,96.9676645805089,1,3,0
32,0.135610481295523,76.5428393279306,0,3,0
31,0.829069146751897,26.5639966493472,0,2,0
48,0.10518505017551,19.3343377106685,0,0,1
23,0.758180195788529,134.356037755532,0,4,1
82,0.941594187781544,172.42201834576,0,0,0
59,0.291769574599613,221.991022424844,0,0,0
66,0.752561348204336,345.737816896432,0,3,0
30,1,5.09533859644259,0,3,1
25,0.182246625458872,15.5197432637215,0,1,0
43,0.930922669488555,97.5766974827631,0,3,1
63,0.982111063801676,76.2845851993544,2,4,1
24,0.308737137978482,33.1609890356423,0,2,0
66,0.125986294392463,70.5275814188644,0,0,0
60,1,31.4092060783878,0,0,0
41,0.302336175122181,133.912950283883,1,1,0
58,0.979739560283517,33.3635236788541,0,1,1
57,0.415393707436087,11.2321183916895,0,0,0
25,0.752273035613664,52.1075968290531,0,0,1
42,0.393294322983156,6.03726022040564,0,0,0
43,0.71208016167858,25.7276448565008,0,3,0
56,0.190745349795526,42.814229319129,0,1,0
33,0.609759767531885,126.139426562039,2,2,1
75,0.985824937610145,143.09801819098,1,1,1
21,1,60.5693218670785,0,1,0
72,0.830008748267343,34.584052558057,0,0,0
35,0.370102634294657,32.1325607905997,1,0,0
50,0,60.5883929645643,1,3,1
68,0.551118804954492,100.803740790192,2,3,1
37,1,99.9380792510033,0,4,1
36,0.819623955817714,171.001759065843,1,2,1
62,0.321755972766323,73.5400129295886,0,0,1
42,0.514751573137124,159.378243861791,1,1,1
46,0.418552510652424,49.9129573535174,0,3,1
28,0.440080764787324,66.5966370236129,0,2,0
24,0.992181164467429,278.04174345463,0,1,1
19,0.978481183673946,96.9997631432845,0,2,1
77,0.561741237523261,89.445174024476,1,2,0
62,0.957774186112494,5.04312502107624,2,1,1
58,0.553366317140867,70.742597328499,0,0,0
70,0.849558984706464,2.40645023994148,0,2,1
76,0.808516080702912,47.8918653773144,0,1,0
86,0.317925079561883,176.775208371936,0,0,0
86,0,10.6863100129557,0,2,0
45,0.727091440847436,37.941132443957,1,2,1
40,0.653748341866122,59.4884818093851,0,2,0
27,0.476136959345459,56.8060462037101,0,1,1
86,0.54483926972705,81.9925402311082,0,2,1
39,0.448485602073814,102.692771818671,1,2,0
58,0.592696286216379,34.2785993911753,0,2,0
34,0.231683559771988,217.218519477245,0,0,0
28,0.266095667220162,59.2608035355806,1,1,1
30,0.897513931384939,220.50851150423,0,2,1
69,0.662454556562993,142.012581438793,0,0,0
70,0.894035209104514,51.8252625223249,0,2,1
87,0.638421265258466,51.9721350772306,0,0,1
61,0.977700475332607,107.649871925859,0,1,0
24,0.0748496239469214,122.115469095333,0,1,0
56,0.551318478362319,355.826466139548,0,1,1
74,1,161.98317660843,2,5,1
67,1,30.4249989752737,0,2,1
29,0.804849971286382,41.3616975396872,0,2,1
20,0.669209622702968,20.0453326316428,0,1,1
78,0.820935351246275,54.979753928586,0,2,0
79,0.0350067187593444,16.6675043478608,0,1,0
30,0.697815291548061,115.227105389385,0,2,1
76,0.987437208378711,142.548935688136,1,0,0
19,0.0740288166764392,62.9621361009777,0,1,0
90,0.495119573491943,200.158650977608,0,1,0
47,0.172339998316778,18.4357462218031,0,1,0
59,0.978916096602985,277.602013428802,0,1,0
71,0,25.3839559666812,1,0,0
64,0.383694120211337,37.1893731458113,0,1,1
91,0.723050554582646,73.862044159323,0,0,0
33,0.521507566984418,8.08599566109478,0,2,1
30,0.0988176226831976,95.3217915678753,1,3,1
28,0.692189917185109,115.007754550351,1,1,0
56,0.271809549692795,9.52900734264404,0,1,0
24,0.14577315115112,44.1557649358502,0,0,1
60,0.915441250287534,85.9978223545833,0,2,0
66,0.113570451687041,268.023630795176,1,2,0
61,0.864773723138264,416.24107360392,0,2,1
88,0.264942015544735,76.0680799931288,0,1,0
55,0.0951549113530922,38.8558648340404,0,2,0
61,0.156997684868247,39.7238076997201,0,0,0
63,0.663280879463797,22.3851287974042,0,0,0
58,0.0829736214008916,126.38992533557,0,1,0
74,0.286455794863194,180.813526521718,0,3,0
84,0.414477912636446,17.2289399662986,1,1,0
60,0.190559005700046,73.3669569483027,0,1,0
88,0.796125529422408,27.4713724805042,0,0,1
33,0.500856721320895,56.9061769824475,1,6,1
85,0.93949336104841,54.3675227416679,0,0,0
90,0.395612590126657,217.003041179922,0,1,0
23,0.105173468396707,200.928476536718,0,1,0
29,0.8952978598571,34.2653217632324,0,1,0
74,0.631805966071323,262.923832354243,0,1,0
56,0.78393301469503,78.622706028187,1,3,1
20,0.724970339538149,25.0324572157115,0,1,1
44,0.0593663212853893,86.1430401743496,0,1,0
72,0.118122533024028,298.025112231369,0,2,0
81,0.853918308108575,47.8620955394581,0,1,0
90,0.296135608394508,37.347367182374,0,5,0
47,0.22488052745814,1.69784730217916,1,0,1
61,0.736568821539435,0.47796359409198,1,0,0
37,0.657862747943294,63.3703706460074,1,2,1
32,0.208701604823307,137.503462652711,2,0,1
70,0.459933888167927,90.2531245677157,0,0,0
69,0.131493881706548,111.876020405269,1,0,0
58,0.983153862843847,209.035094576028,0,2,1
51,0.298865984808371,53.0945884427191,1,2,1
43,1,116.982908896206,0,2,1
85,0.49475102703514,3.16030440300138,1,1,0
89,0.599853002946909,132.359603024123,0,1,0
78,0.109861881992655,64.8681665863842,0,1,0
22,0.628160302108092,52.9231208749115,0,1,1
78,0.822616860787177,198.74546266168,0,0,0
82,0.799205806743736,148.905816325022,0,0,0
86,0.794904782379033,405.139532196488,0,2,0
72,0.467791153247597,167.75313015103,0,0,0
41,0.48251946093029,16.9206179911271,1,3,0
50,0.381669089837444,31.2445818725973,0,1,0
89,0.464785740591123,21.791782034561,0,2,0
29,0.620428163474181,153.908808184859,0,1,0
82,0.628143096082955,42.0523211639374,0,1,0
78,0.396005837641234,157.37758827389,0,1,0
49,0.420133026496793,28.1499738711864,0,4,0
67,0.751538459203153,22.640936714597,2,0,0
79,0.924056034732929,2.45840638875961,2,2,1
80,0.976114813778981,54.4384685950354,0,3,1
35,0.223942049461057,148.614490055515,0,1,1
82,0.896402063661483,23.5623422564017,0,1,1
27,0.913041366903801,5.26488190982491,0,0,1
86,0.214854124091085,54.290832864836,1,3,0
50,0.84010599503436,73.041335772723,0,0,1
72,0.351326443316047,3.68431898299605,1,2,0
34,0.42831381317184,3.73443679709875,1,1,1
70,0.768564558725134,187.638385044482,1,1,0
63,0.971957288309012,37.175138858147,0,0,0
67,0.531874728298716,108.025915282814,0,0,0
19,0,214.009802369472,0,2,0
70,0.657631260181464,4.72370562397192,0,0,0
56,0.651420403316094,168.758540777561,0,2,0
31,0.695311763289281,35.1096564345062,0,1,1
19,0.709914107856259,33.9101372798905,0,4,1
43,0.29357256547178,52.5098436046392,1,2,0
31,0.460352849803092,111.160152898481,1,1,0
59,0.800181063577664,415.255031730226,0,3,0
55,0.235883171846436,65.5406898865476,0,3,0
73,0.594479558083863,443.678819532684,1,0,0
54,0.222599611096269,82.6071490620957,0,0,0
22,0.424704427838618,97.036504806055,0,4,1
56,0.81764989367868,30.1962428287757,0,1,0
64,0.657464420076373,438.342432673267,1,4,0
53,0.495248954251496,28.3625839510933,0,3,0
24,0.797290636959256,263.286110726292,0,2,1
42,0.413710626157738,18.3010125346482,0,1,1
72,0.601738216140593,240.921172541673,1,2,1
27,0.895959912773959,60.8154717786238,0,2,1
29,0.370279207077758,95.9251561249031,0,3,1
55,0.934369631683054,30.2947015641257,0,2,1
66,0.740331826492918,87.1469339484054,1,2,1
42,0.665717099433147,134.636952490581,0,3,0
87,0.657838802909767,25.2201947104186,2,0,1
42,0.615122904177268,183.766456804738,2,0,1
72,0.389356185446224,10.2661168854684,0,1,0
33,0.584780621468568,39.8871178971604,1,1,1
20,0.362691557780013,0.310335202428065,2,1,0
69,0.21490297170026,40.7287684967741,0,3,0
76,0.736433882983173,197.417123997655,1,4,1
52,0.125782992431463,10.1692301568989,0,1,1
70,0,47.6767250988632,0,0,0
70,0.825672506974025,108.373798606416,0,2,0
33,0.517678225799702,15.8408492058516,0,0,0
20,0.498826076970335,99.6646509645863,0,1,0
41,0.857333121814854,81.7532404465957,0,3,1
81,0.204730209357469,155.925831487474,0,2,1
38,0.439468795460598,316.433741282814,0,1,0
40,0.414849588229374,30.1943276822567,1,4,0
24,0.986033491718217,105.730783431826,0,2,1
53,0.905053626708145,141.776190544791,0,1,0
46,0.101575005990727,244.765638387463,0,0,0
46,1,272.905847733016,0,2,0
84,0.94672970826606,106.618136529274,0,1,0
46,0.643808195481319,93.1155039230718,2,1,1
58,0.269415167379096,194.325206214633,1,2,1
83,0.116836421283027,16.3287281990051,0,1,0
87,0.550881403306796,68.3730081515387,0,1,0
61,0.299003906553405,17.6903430852669,0,3,0
59,0.608266987628151,11.9999016821384,0,1,0
92,0.768472005187119,636.237993897346,0,2,0
68,0.827346504733872,17.4397235456854,0,1,0
83,0.794223724201484,137.400545100717,1,0,0
61,0.334896845972431,6.3959625394703,0,1,0
65,0.717607222812958,116.06657433036,0,1,1
61,0.175511144154499,67.0323104131967,0,3,0
45,0.917104467983937,395.929202730945,0,1,0
47,0.0924654258554187,51.9556202506647,0,2,0
50,0.969877319328163,104.632426169737,0,0,0
55,0.895658050690338,153.532047709521,0,2,0
31,0.57342451992317,165.670221699473,0,1,0
57,0.659935050624922,83.410300952418,1,0,1
58,0.067909123673003,172.839043540951,0,2,1
34,0.349807287442642,189.236603630778,0,3,0
71,1,93.6112756034938,0,2,0
72,1,37.6465403148904,2,3,0
31,1,38.4202181034951,0,2,1
51,0.0996349432614412,254.453334133823,0,0,0
77,0.747578922427426,80.6457764292582,0,3,0
44,0.398914402468315,45.2333826012909,1,2,1
48,0.780210208397967,87.7712391495363,0,1,1
69,0.564962817677155,227.849348532107,0,1,0
26,0.839495440629141,52.9024518327788,1,4,1
75,0.202608681752272,38.4142438716778,0,1,0
38,1,26.1546017222457,1,3,1
20,0.765665657668743,19.3199904650528,1,3,1
60,0.26745683236341,108.738944904864,0,2,0
59,0.0945078587390005,94.0630386769694,0,1,0
67,0.7969567721106,142.460304875894,0,2,1
42,0.858999939028212,68.3432908682153,1,3,1
68,0,62.7826892631128,0,0,0
70,0.289065642374718,3.46646615304053,0,1,0
27,0.201549780739006,13.4896737789672,0,3,1
74,0.0607266030936791,3.71089889536737,0,2,0
35,0.278509195712832,361.264724005461,0,2,0
66,0.44634824004819,205.50657960699,0,1,0
33,0.731243209026015,283.454258781965,1,1,1
31,0.305639483252319,276.764391292925,1,2,1
68,0.726911683544022,141.554836067407,0,4,0
70,0.0964277371525959,41.7775795375928,0,0,0
31,0.389923719826405,151.7837385042,0,2,1
33,0.894082001632505,11.3142703191637,0,0,1
86,0.410973275838482,162.308538442715,1,3,1
23,0.543741869483269,83.5610677162541,0,1,1
37,0.911900183653989,26.8608771545306,1,3,1
90,0.24882698093119,102.252080268262,0,1,0
45,0,195.121551029485,0,0,0
39,0.790440452458489,76.3805767195655,0,4,0
63,0.0942510886202282,131.79758904971,0,1,0
47,0.60681109037702,21.408339800483,1,1,0
87,0.227386801040001,73.3455618750304,2,1,0
43,0.708101993919189,20.0007187556238,0,1,1
34,0.557579100603206,82.6847935361368,0,1,0
41,0.640252050928321,139.580609810701,0,1,1
46,0.556301936798021,103.433695984747,1,3,1
72,0.576544802062622,217.246738905158,1,1,0
58,0.709470255037681,7.95492877250653,0,0,1
22,0.637620462730459,360.574614312642,0,4,1
36,0.409072945861221,99.0150160855038,0,3,1
46,0.894190633148685,212.874684082415,0,1,1
42,0.563809560092491,7.88739536582829,0,1,0
29,0.9346684127516,70.180236576125,1,0,1
28,0.235659415338784,256.206299667353,0,2,0
85,0.969721186975109,165.776630624904,0,1,0
90,0.586609764949715,289.044935410018,0,2,0
62,0.635077247176797,477.893914217343,0,4,1
62,0.805655363522072,199.152493113723,0,0,0
56,0.475132856721583,46.0758826513838,1,0,0
81,0.30502361769633,89.2278275213483,0,1,0
28,0.147290770603363,23.2117709890008,1,0,1
77,0.0244941204232307,70.5093332659453,0,2,0
71,0.229746053622985,237.1955253604,1,2,1
36,0.86672058823568,5.93361987598554,0,1,0
77,0.330841383204808,8.81025783578218,0,1,1
30,0.270434063764242,1.18594952813983,0,2,1
33,0.232032356055818,254.779470120663,0,0,0
69,0.171047468887365,0.844307164661586,0,1,0
47,0.778142854685683,23.139094831422,1,4,1
26,0.685838552662014,78.9319035178406,1,1,1
51,0.150852983073858,50.488723507151,1,2,1
61,0.616509072122717,53.1722641433189,0,1,1
81,1,17.1045734102215,0,1,0
34,0.302114884201826,72.5811739172786,1,4,1
69,0.62115396432703,58.92926864326,0,2,0
51,0.687192481553993,98.5016305892943,0,0,1
68,1,13.0941429408267,0,3,1
53,0.537301874846609,236.468781610126,0,0,0
55,0.802268711393317,4.62035404089476,1,1,0
92,0.852416566343637,217.50891451731,2,0,0
75,0.0768990032386858,47.5043626734987,0,4,1
70,0.216402646181597,19.8315792399568,0,1,0
49,0.236980014106362,274.662861530776,1,1,0
59,0.457821251671254,17.4044628348202,0,3,0
69,1,92.623364529608,0,1,1
34,0.288974899917913,141.051921458019,1,4,1
55,0.433774407745387,356.162887550952,0,2,0
57,0.426823567500294,67.1416398743168,0,1,1
72,0.827513409032798,33.832262577489,0,0,0
57,0.11753035334178,89.2636446148478,0,1,0
55,0.61247415111689,26.6637708153576,0,2,0
78,1,347.522352468365,1,1,0
47,0.371550116232149,328.982875328653,0,1,0
83,0,36.1467343429103,0,0,0
46,0.603010703879602,271.730525865213,0,5,1
83,0.118511399600724,128.68468561679,0,1,0
20,0.667922675333813,123.983391397668,0,1,1
87,0.153384661068979,20.3917639050633,0,1,0
53,0.134014805426278,26.7035802081227,0,2,1
36,0.112372972339314,8.01845781039447,0,1,0
47,0.641457683913931,43.9270300922916,0,0,1
24,0.142422986728366,6.06056122574955,1,0,1
42,0.322437369311866,94.0302312421037,2,2,0
78,0.546446865344125,42.3672051820904,0,2,1
46,0.0985494836929661,191.454706518051,0,3,0
35,0.747029932213549,83.7163658997511,0,1,1
62,0.273155349756324,1.81784052845023,0,0,0
84,0.694622597462877,51.5309186698869,0,0,0
69,0.373689424900763,144.045674339904,0,4,0
49,0.931983516517762,280.340616819556,1,1,1
91,0.292502510044675,37.5105476751924,0,5,0
90,0.0341031734049576,164.45493224084,0,3,0
24,0.212385304534934,114.809646499379,0,0,1
66,0.97520004953161,56.1033018445596,0,0,0
52,0.795758541179916,3.28426675742798,0,1,1
76,0.678037377479615,276.529325624103,1,3,1
85,0.424021243635151,122.964023393614,1,1,1
22,0.387875315051313,43.4355973419916,1,2,0
21,0.309303549383813,181.736882030451,1,0,1
40,0.48700722173131,16.426649474092,1,1,1
45,0.751947198102885,34.6317310957238,0,0,1
71,0.977584115026631,34.3674963293597,0,2,0
87,0.287057786140448,158.909957977083,1,1,0
43,0.182614070916438,92.1665703645332,2,1,1
79,0.60984989686384,170.962225077745,1,2,0
20,0.893750676346833,54.7457968490198,0,1,0
48,0.480910196556034,57.3478757031262,0,2,0
51,0.075252506817679,16.6621064956687,1,1,0
88,0.96484049808412,67.4689514003694,0,1,0
69,0.736523654850119,11.0914387507364,0,2,1
26,0.813056054586432,52.7213791850954,0,3,0
83,0.818772540680657,156.875393047846,0,3,0
18,0.408429488737846,343.417970892184,0,1,1
50,0.395196594230992,54.7390488162637,0,1,1
42,0.343551484025449,45.254498203285,1,1,1
72,0.887613050414538,4.52531715855002,0,3,1
26,0.467192902105069,14.974912982434,0,3,1
22,0.0699550753639991,23.37329109635,0,1,1
41,0.157976387520827,164.644435076114,2,0,0
72,0.147943160659745,7.16857781633735,1,3,0
84,0.208625190095637,186.005884306577,0,4,0
29,0.500622165020249,131.497203792059,0,1,0
65,0.0330686879910362,60.3165901917964,0,1,0
66,0.890216544660396,8.68919204201954,1,1,1
51,0.445099073833149,17.2817179846669,2,0,1
42,0.912970641417329,41.5403787000105,0,1,0
48,0.379234629623178,115.932109900786,1,2,1
55,0.932548048403267,102.119612258805,0,2,1
68,0.188456785426523,101.274109971745,0,2,0
74,1,48.1502024596557,0,0,0
71,0.109291342306256,154.356302963641,0,2,0
41,0.66186806892352,259.436268475945,0,2,1
77,0.346607569704705,14.6095048594131,1,2,0
78,0.73463216887209,6.21472139377147,0,0,1
63,1,2.61366142836106,0,1,0
70,0.926273843350673,128.446595654858,1,1,0
91,0.497295892051033,150.362904272078,1,3,0
45,0.734541065787266,47.4074084607138,0,2,0
23,0.877546486040015,95.429169083981,1,1,1
71,0.438236038872613,101.054131961463,0,4,0
36,1,191.188399260183,0,2,0
67,0.852528054116908,26.2618145393208,1,1,0
33,0.160700864980511,108.376818138298,0,3,1
89,0.456854028973164,194.501135709575,0,1,0
75,0.788518621806722,40.2796189446373,1,0,0
88,0.642662948657395,56.5230157645419,0,2,0
41,0.119054109660845,0.0789834170369082,0,0,1
36,0.364546424537725,2.09754865474116,0,2,1
89,0.88879049973707,15.0475054420531,1,1,0
35,0.06732664830348,2.06954807508737,0,1,1
28,0.80563713835893,368.500008508567,0,1,1
34,0.0476440604895168,14.3227003701031,1,1,1
66,0.0326473320334039,28.4373604971915,0,1,0
90,0.851169919760425,37.0569802355021,1,2,0
89,0.0322488508812347,107.767523392139,0,2,0
18,0.511834848213455,74.19744590763,0,4,0
32,1,108.246944793536,0,4,1
73,0.593730306975493,59.4917357852682,1,1,0
31,0.603640527285253,141.224193372799,0,0,0
38,0.466671466048169,121.491364347784,0,5,1
31,0.772893859120181,104.582613077982,0,4,1
24,0.502143715801728,37.0033542765304,0,1,1
64,0.150694314303355,104.080692394672,1,1,0
33,1,7.13351462036371,1,0,1
54,0.689532053319123,33.7867285814324,0,2,1
71,0.191764942291654,50.3677514210258,2,2,0
59,0.793068423393721,53.7138658529148,0,1,0
70,0.082819709451452,430.707225353045,0,4,0
40,0.172087638187886,23.917805897072,1,0,0
72,0.324852969410727,309.402894657248,0,3,0
26,0.422719005726136,31.4543903246522,1,2,0
52,0.651351849251853,150.314757763444,0,2,0
48,0.241994291030185,7.40571996533572,0,2,1
57,0.307278288824034,177.210977273133,0,3,0
53,0.0861144077609718,135.696679404972,0,1,0
54,0.463320106166491,169.430819386688,0,2,1
66,0.760016457704952,183.972075516429,0,3,0
83,0.442227961978075,2.45014026761055,0,2,0
20,0.203865246039798,123.266112980546,0,0,0
84,0.839006896393145,38.6667238874361,0,1,0
90,0.536498560143878,9.05008029192686,1,2,0
30,0.482785027318641,60.8392222272232,0,3,1
72,0.342263104634102,48.6047025118023,0,3,0
31,0.301428398996888,120.480450042559,0,2,0
43,0.80446457543937,3.21973071433604,0,0,1
79,0.894808774558813,104.327980526759,0,1,1
83,0,297.872123425002,1,1,0
29,0.688163938110405,57.0007659727708,0,4,1
83,0.987659262317111,186.927772564885,1,0,1
35,0.368975653167352,2.683887463063,0,1,1
73,0,84.69206239318,0,3,0
91,0.725467412733276,73.5395141225308,0,4,0
92,0.202830488154036,71.7931583430618,0,3,0
68,0.649613513158516,287.143126395638,1,1,1
62,0.632700555270965,32.3786454935711,0,3,0
55,0.573815531160242,271.825692881937,0,1,1
22,0.697757912612556,94.4207224855555,1,3,1
70,0.584798807680113,169.426118187809,0,1,0
75,0.450275625564476,15.5427788036797,0,1,0
52,0.492015157631335,97.9028767904651,0,3,1
80,0.353163040672417,9.9244860932231,0,1,1
50,0.325830443578591,134.033582503943,0,2,0
69,0.171840230909759,16.0061970353127,0,1,0
37,0.217700137003463,58.5466927988455,1,2,1
18,0.941691238424446,92.4685374414904,1,2,1
79,0.806050357393052,45.2123134868989,0,1,1
55,0.863672311569497,224.385680267659,0,2,0
22,0.141651907602359,102.855544607191,1,0,0
91,0.933954191607257,39.2723318608767,0,4,0
66,0.670143454928411,19.1834701923653,1,3,0
55,0.740682505039685,256.409103204603,1,0,1
76,0.763624518748512,54.2516770326614,0,1,0
90,0.563235070453489,126.062535285054,0,2,0
54,0.0689917552663676,14.4138458603993,0,0,0
41,0.549049888773987,134.858559281601,0,0,1
89,0.424014628671073,206.852885717597,0,1,0
70,0.399596392962314,64.5454780152068,0,1,0
64,0.746904339076073,2.37414190545678,0,0,1
83,1,53.9121160982177,0,3,1
79,0.511939075842364,182.701158160415,2,3,1
33,0.961455871765995,38.2838586345315,0,1,0
64,0.306057082119808,13.6572800250724,1,3,0
73,0.945720081799836,222.021988825944,1,1,0
78,0.195319365032579,2.91776420082897,1,2,1
55,1,142.759492914228,0,2,0
54,0.38465324482176,12.2157861245796,0,3,1
74,0.922673394394419,26.9084457168356,0,2,0
85,0.760389883467855,421.178031180042,1,2,0
54,0.483620206001366,83.5746573144926,0,3,0
50,0.777867230597668,9.15016102096495,1,3,0
50,0.604938235694851,140.80054308757,0,4,0
56,0.44500931454652,27.0822223457239,1,0,1
29,0.25502642554296,42.6011996237978,0,4,1
73,0.695770882423308,127.947083874641,0,5,0
58,0.298695714297095,13.9795716200024,0,2,0
88,0.0711582020367599,363.392709251636,1,1,0
61,0.870810319083238,197.546852595929,0,1,0
61,0.382238009350336,24.9667005963268,0,0,0
63,0.62667569054507,148.018282544835,0,1,0
51,0.434077529515046,7.10887474007905,0,2,0
24,0.370129739703123,66.862551025115,0,3,1
85,0.46792651611736,88.4930878086372,1,2,0
82,0.425696982485355,120.23516697347,0,2,0
67,0.0331265848356705,99.6682476206107,0,3,0
54,0.0283866523084186,36.0137560400032,0,0,1
55,0.395731463672988,32.4295442923903,1,0,0
61,0.0890458941288472,76.1094593629241,1,0,0
45,0.393294159055615,132.554938797875,0,1,0
33,1,83.9890765445663,1,3,1
89,0.436427069557617,9.19844988267869,0,2,0
31,0.6042297067009,77.1993979579194,0,1,1
19,0.0118031529674859,1.82584874716462,0,3,1
47,0.985658866546596,90.6940772909785,0,0,1
91,0.223539455643071,137.852856558783,0,3,0
29,0.260392573926204,146.241374039127,0,0,0
41,0.36310702027123,82.8713258188869,0,2,1
76,0.23420037825917,103.208034196705,1,1,0
49,0.938054980855868,27.896589464508,1,1,1
48,0.567122354669683,23.0689831404015,0,1,1
59,0.916090114379959,217.497343709764,0,0,1
70,0.689621073693726,63.909950987688,0,1,0
73,0.166576402646965,138.509605149774,0,1,0
88,0.185671237381893,69.2141795624048,0,1,0
77,0.143250736393553,4.87187291495502,1,1,0
49,0.65966942814728,5.48022923059762,0,1,0
22,0.323094608044675,164.532510927018,0,1,1
73,0.192376012095801,77.9429434531143,0,1,1
28,0.85546647455815,134.596591531335,0,0,1
69,0.0668496000831512,311.485217874063,0,3,0
83,0.617733526148296,494.757365221371,2,4,0
55,0.993637974523693,75.2343453560024,0,1,0
65,0.725482918867313,271.825637561376,0,1,1
43,0.102402937508734,140.904243591099,0,1,0
30,0.608190128102102,170.774199916121,0,1,1
30,0.415606252290696,161.300516975625,1,0,1
44,0.149921854041236,284.578195554311,0,0,0
69,0.186377086919949,96.2053616543678,1,1,1
62,0.232079219856075,258.92748246268,2,0,0
88,0.428705777789621,61.7131303995848,1,3,0
24,0.140323168883187,39.2828844487667,0,3,0
60,0.475846966291577,4.18849675349554,0,1,1
84,0.547782457287683,40.7250811944829,0,4,0
83,0.633398147750238,300.933114555771,1,0,1
66,0.102612860067043,26.2563159316778,0,1,0
74,1,22.3806222295389,0,2,0
47,0.449978643230958,4.71181608736515,0,2,0
44,0.775644068822476,100.357283710831,0,1,1
41,0.0543533014772153,84.8127211211605,0,1,1
45,0.667211421513728,63.6183040309697,0,0,0
90,0.637098804722034,125.588135966135,2,0,0
61,0.792899277935022,222.516519399431,0,2,1
35,1,47.3062491929159,0,5,1
27,0.893924487971655,48.1935546221212,0,2,0
45,0.309553747253574,162.307274645837,0,1,0
67,0.00816060168005882,3.76759979288903,0,2,1
77,0.222993096739586,236.900333208139,0,1,0
48,0.534882514978658,403.746224614333,0,1,0
22,0.158633537010969,66.4730261499062,0,2,0
80,1,19.685266148299,0,1,0
33,0.31036364899423,85.4068957036717,0,3,1
74,0.178360493892094,22.0739826140925,0,3,1
79,0.871584043304261,460.362259680619,1,3,0
61,0.201240463006804,16.7293217452243,1,1,1
67,0.630231820093547,7.72237120661885,1,0,0
41,1,215.048178313371,1,1,1
89,1,61.6541216475889,1,5,1
38,0.608624973209012,44.6710195438936,0,1,1
51,0.850427283829761,88.4732589113789,0,0,1
20,0.32353552714218,256.464061928088,0,1,1
19,0.82655596559615,187.120798302994,1,3,1
29,0.589116982097651,154.846824230697,0,4,0
22,0.382955258310461,664.231150858389,1,3,0
72,0.416706227563036,69.6236891439185,0,0,0
78,0.465489325499712,32.6025773771107,0,2,0
89,0.530339981375358,163.173390576722,0,2,0
31,0.692373917947856,23.808698230423,0,1,1
83,0,9.06848887118994,0,0,0
25,0.882984992928776,141.147358770839,0,1,1
67,0.122243855838839,79.0559993289756,0,2,1
49,0.838581585525025,117.286647634608,0,1,1
35,0.174268206144833,24.1766006895417,0,1,1
43,0.559526046222616,153.830889789459,2,1,0
55,0.846768632094354,154.766249647026,0,0,1
45,0.979994201021294,154.267944144156,1,1,1
38,0.153379098627333,153.394254057974,1,1,0
57,0.515343612029983,106.973824757187,0,1,0
43,0.586191300177163,143.657011748327,0,3,0
40,0.183596193322793,383.28571305055,0,1,1
88,0.66912681563138,44.4071313120806,0,0,0
41,0.77262493725949,65.1454307278618,0,2,0
70,0.174696887700732,303.570015807743,0,3,0
57,0.543341615443684,41.1672966834158,2,3,1
29,0.929573690555399,30.1976169506088,0,2,1
18,0.831487620839794,223.61297373667,0,4,1
55,0.333337670824715,197.858363250342,1,1,0
19,0.724866368387777,34.6808491460979,0,3,1
35,0.975285802129481,37.0569162070751,0,1,1
40,0.0322795195682625,14.8806096338739,0,2,1
74,0.608685010042821,163.135691555288,1,0,0
47,0.425372791954671,60.7601664820686,0,1,0
26,0.294133902063128,78.8691599821072,1,1,1
33,0.37889293832283,108.932124362363,0,1,1
36,0.404269535942425,54.6401499444619,0,0,1
28,0.31543479762411,251.44592278182,0,2,1
32,0.668776467602268,125.996399861796,2,3,0
58,0.845969063060799,62.8593725757673,0,1,0
72,0.265601118427949,1.38625826686621,1,4,0
83,0.424516180116807,46.116034546867,0,1,0
58,0.65648710391798,94.3370270869119,0,0,0
32,0.646709445202198,112.615575875243,0,1,1
30,0.702997090102762,43.5360441170633,0,0,1
90,0.927826667938879,117.701094935048,0,2,0
51,1,261.032026936407,2,0,0
35,0.452268241404069,26.0533959651366,0,2,0
60,0.926826942563038,15.7987702358514,0,0,1
67,0.0831861153561176,295.943192173834,1,0,0
22,0.911716738455624,170.543364032297,0,0,0
75,0,111.010252810119,1,1,0
35,0.941128446113762,56.1661072261631,0,2,1
44,0.449316387009364,6.87896366696805,0,1,1
87,0.822651473477995,17.2091902103718,0,1,0
22,0.152749301713737,11.8151167174801,0,0,0
76,0.564818639613414,70.8637481788173,0,1,0
88,0.197116473510888,23.7545675225556,1,0,0
26,0.16678622380962,541.641784631896,0,2,1
22,0.429558393236667,54.9505978170782,1,3,1
75,0.650563670202215,112.550058418974,0,1,1
87,0.31951768100268,97.1959606884403,0,3,0
59,0.869043545862681,24.828341999524,1,0,1
80,0.280861682552622,2.01930061517075,0,1,0
88,0.682386958471992,246.878200128942,0,0,0
82,0.554279262500449,149.544770238025,0,4,0
31,0.0742182059644551,27.002243315801,0,1,1
86,0.748282017733182,190.845732661035,0,1,0
72,0.186930097400748,21.1604336230084,0,0,0
61,1,273.068997657692,0,1,1
88,0.89159937802892,46.450729216449,0,1,1
82,0.321914597070433,106.604688889035,0,1,0
31,0.810263186649188,10.250052921474,0,2,0
46,1,10.0051729241386,0,1,1
57,0.445763050098566,76.2126934202388,0,3,0
43,0.324304650197999,72.9249066347256,0,1,0
33,0.0341033964467386,315.88813606167,0,0,0
81,1,36.7987420642748,1,3,0
64,0.565921473788584,397.966703793,0,2,0
49,0.214534451438699,218.429776886549,1,2,1
90,0.811917548630439,41.9474934134632,0,0,0
85,0.842372922947906,614.990573637472,0,5,1
35,0.55431019435684,15.6476141279563,0,3,1
53,0.308897682779313,158.20540256721,0,1,0
60,0.709152727621415,24.2295555956662,0,1,0
33,0.368258909081713,49.6658879425377,0,1,0
32,0.394975905508783,29.7529927967116,1,4,0
26,0.399421583600266,235.823554960186,1,2,1
69,0.740942775117876,257.091852356787,0,0,0
65,0.737710632665596,26.2093196001527,0,2,1
35,0.845115810798452,68.2654346572235,1,2,1
58,0,154.11328986217,0,1,0
46,0.845587593266736,144.319407544134,1,5,1
69,0.664994948500053,76.2338198302314,1,2,0
47,0.530745430730409,64.5728282956406,0,2,0
22,0.822782625992177,78.5300963512046,0,1,1
28,0.766189141599908,49.5400817746632,0,0,1
60,0.349175383638339,99.5797266299261,1,1,0
60,0.265821304677874,122.245629974677,1,0,0
19,0.418617452306188,31.9369303202257,0,1,0
28,0.843593715841361,67.7514203358442,0,2,1
25,0.513462574027138,50.4717052122578,0,4,0
44,0.349658740870548,97.0117406638239,0,1,0
67,0.130406956570542,175.396808675503,0,0,0
60,0.441979399410704,174.934419607815,3,3,0
26,0.946240604966256,0.786680146120489,1,0,1
26,0.309211101694662,47.0080551318824,1,0,0
84,0.218818586263679,73.674496342428,0,4,0
80,0.189017587319164,114.218048523216,0,1,0
78,0.23411751097702,80.0944445142878,0,2,0
92,0.461914707288757,40.5083734401575,0,2,1
19,0.291672269377526,47.3760498948966,0,4,1
52,0.344876703353812,35.3174220504267,0,2,1
83,0.930868524702874,226.814487902519,0,1,0
41,0.729996178026471,68.448995295912,0,3,1
45,0.557208872064423,41.9390493781031,0,1,0
53,0.3446968256798,150.072280266358,0,0,1
58,0.373422773334635,13.7011453369632,0,1,0
88,0.970058742941217,144.019455569832,0,3,0
20,0.361033491612494,47.7028755377978,0,1,1
69,0.972671095093479,17.7122631063685,0,2,0
84,0.290490027693975,302.912692804928,0,0,0
50,0.60222310245184,273.153345775897,1,1,0
52,0.311976186720923,15.8929822267964,0,1,0
18,0.156530191075817,289.657531534428,0,1,0
40,0.787722565026403,29.1485411044016,1,0,1
28,0.688847063049399,195.455307336595,1,1,1
83,0.887295676542954,127.903677211179,0,2,0
76,0.340025146534301,205.251294011321,0,2,0
77,0.610958904351237,67.7122201863676,0,0,0
45,0.695505995351997,133.458937206341,0,4,0
43,0.397453685590622,216.089567178932,0,1,0
82,0.319097071461791,201.568091427979,1,1,1
68,0.330358606715354,27.7188227868373,0,1,0
64,0.559327544149256,168.324025841501,0,2,1
83,1,77.9511057259871,1,2,1
75,0.81481482444471,4.99414528516118,0,1,0
49,0.483984720758738,74.3220472242683,0,2,0
83,0.457741592973002,177.586057642546,1,1,0
86,0.376036718716997,62.0507212541997,0,2,0
46,0.994635027245242,15.0673159910366,1,1,1
76,0.0117206091222241,20.6859012274072,0,2,0
28,1,349.98151550217,1,4,1
87,0.109520181612948,22.0003448281248,0,1,0
34,0,18.8929384900257,0,0,1
25,1,88.600846114604,1,2,1
43,0.118345895945498,97.6978396916927,1,4,1
20,0.271429698536448,120.260001397727,0,2,1
89,1,138.569223401172,0,1,1
24,0.109336715607422,115.211010082634,1,3,0
89,0.410144250164961,171.135673886236,0,3,0
20,0.0864416819228291,211.619984461066,1,2,1
33,0.147329915183014,99.906547288446,0,2,1
64,0.751626467977463,79.1086028190686,0,1,0
30,0.948320567662913,44.2100340850922,1,2,1
53,0.325856746572941,117.692555212451,0,2,0
54,0.442238717113952,78.649723339003,0,1,0
46,1,31.2835487024859,3,1,1
19,0.19236185719988,25.4928109003231,0,2,1
21,0.928972390783726,74.4795598695055,0,1,1
19,0.359112181867029,126.505593354849,1,3,0
62,0.509523025857391,109.603788503481,1,0,0
28,0.0715104719272056,179.164813431051,0,2,0
80,0.610623319797004,12.6258469140157,1,4,0
40,0.749480684792756,84.4033339107765,0,1,1
71,0,349.35358026242,0,2,0
82,0.841337152757824,44.4076203210534,0,3,1
86,0.562638137352104,291.816861009834,1,2,0
65,1,72.5091142766178,1,3,1
84,0.634639965170128,64.212978465305,0,1,0
20,0.0925551450065237,136.174699249713,0,1,0
73,0.104173421776626,1.36642794590443,1,0,0
75,0.811549966885103,33.2183477235958,1,2,0
59,0.342541179892865,88.8476680172963,0,0,0
59,0.713164173863723,80.2548750630005,1,0,1
37,0.176252710636422,378.721761312478,2,4,0
46,0.591233453087388,56.1685330906553,2,1,1
53,0.932798387506747,42.5383398495615,1,2,1
69,0.822359267820795,307.566326614612,0,0,0
72,0.421222718660114,169.187335977402,0,2,0
49,0.819441110751634,172.343064798113,0,1,1
31,0.663356735589201,102.294899412215,1,1,0
48,0.264900319928807,72.3695303592831,1,1,0
23,0.726039967837083,26.5682196459995,0,2,1
24,1,171.170013817098,1,2,1
53,0.275895267564154,154.498150209036,0,3,0
69,0.463891618115626,74.1528823785484,0,5,0
55,0.743585846668677,18.9272696105763,0,2,1
70,0.948826254061989,97.1194698056613,0,2,0
31,0.597564840773028,60.2559289429337,0,2,1
76,0.610993397425366,115.264223245173,2,1,0
53,0.72169072373223,296.252617281968,0,2,0
49,1,4.42710088100284,1,0,1
20,0.276385405641161,113.155627497507,0,2,0
62,0.862539454648443,83.049982055126,0,1,0
25,0.112477153206666,21.2532242853194,1,3,0
81,0.175934883861191,9.84931619430507,0,0,0
35,0.958789685235209,156.007245828437,1,5,1
46,0.5101281948231,105.649141450448,1,1,0
72,0.85693116228915,217.103023463931,0,1,0
83,0.266954335210873,99.1026903602987,1,0,0
60,0.740102577663462,87.699345531909,0,1,0
80,0.842511406855299,227.324404148456,0,3,0
86,0.150809378814958,0.577890309505165,0,0,0
68,0.914802683072447,27.5231529810528,2,3,1
86,0.52631655166326,9.2683087735998,0,1,0
22,0.174010240264678,43.7025827493171,0,1,0
83,0.530457515464115,1.4056913042441,1,2,1
30,0.581515358425329,133.830102826504,1,3,0
24,0.390185721755974,76.0929594421759,1,2,0
35,0.0655389990244609,214.316140590307,0,0,1
35,0.176490393543002,111.062471731602,1,1,1
24,0.70106926943134,82.6241145423038,0,1,1
29,0.933377185838268,35.498468647711,0,0,0
79,0,65.9196147921832,1,0,1
20,0.305423677036278,131.296714539675,0,3,1
32,0.306703953847427,187.414517486539,0,3,1
65,0.300378468866597,161.575396045108,0,2,1
51,0.597083418904844,146.101250234096,0,1,0
40,0.93884766678896,60.0395153695717,1,3,1
63,0.0899802559854368,100.645636143853,0,1,0
47,0.948307278395702,416.924350555233,0,2,1
62,1,67.0440363744274,0,0,1
74,0.727703261274852,38.0367543408647,0,0,0
40,0.954221217224314,101.196987582911,0,1,1
84,0.456677976562035,93.6376820737852,1,4,0
71,0.969896592039416,45.2272322193676,0,1,0
28,1,400.40435254126,2,2,1
64,0.982701166131618,97.6518097382851,0,1,0
62,0.29939735395248,71.2024649092928,1,0,1
57,0.664273256064368,285.600231443639,1,1,0
81,0.595602698166565,36.2210907088593,0,2,0
50,0.297968741395659,49.8662945115939,1,2,0
90,0.464872728790327,241.057857816359,1,1,0
85,0.863484429272177,79.7121717036008,0,4,0
84,0.934165433485018,151.148327156006,0,3,1
32,0.67695011916231,24.2729915016801,2,1,1
92,0.0603680078420224,81.285595358385,0,0,0
58,0.942317057386332,24.1600104793906,1,1,0
24,0.184266358753129,69.684763350524,0,0,0
27,0.376064533769571,5.0451036170125,0,0,1
67,0.343176170513432,6.95992315653712,0,1,0
18,0.532047665148917,83.1374211190624,1,3,1
50,0.804592529197791,12.4008087115362,1,0,0
84,0.740273270821054,103.026206796093,1,1,0
31,0.635113785752044,10.2056792238727,1,0,1
74,0.027655006939122,26.6702220635489,1,3,1
63,0.649715032312222,33.3811086509377,1,3,0
51,0.185966048954411,0.949661997146904,1,4,1
27,0.883167725914961,37.3148316750303,1,4,1
35,0.381800389911515,149.611581084354,0,1,0
20,0.476775769067133,10.2525692084211,1,3,1
29,0.933387616742807,33.3978432230651,0,3,1
48,0.384514933767629,41.01612823084,0,4,0
84,0.923886370204096,45.8847222244367,0,1,1
55,0.290026017983977,41.8685970959319,0,4,0
48,0.368977085760925,69.0578395593911,1,2,0
79,0.48981880772686,275.820336085851,1,1,0
29,0.342576957031788,35.7877084912343,0,2,1
22,0.412096162439511,242.457602170401,0,0,1
43,0.403082418163469,179.887629421499,1,1,0
24,0.30356870330375,162.544507356432,0,0,0
87,0.11454889804956,304.250150960977,1,2,0
44,0.710734959605742,147.911564675195,1,1,1
86,0.400175636731568,252.318902951772,0,3,1
56,0.473122009236871,14.6211227724388,0,1,0
39,0.777775311158957,140.734784356354,0,2,0
60,0.67041240021971,58.6437002196908,1,0,0
91,0.622307301629687,16.5629359339839,2,4,0
34,0.370285009388624,6.72551011729882,0,2,0
55,0.478615957591381,260.772635826972,0,1,0
90,0.926243692631202,263.611563635166,1,0,0
52,0.379889629883355,22.7809145860374,0,2,0
70,0.8860581102199,179.545537137318,0,0,1
60,0.199532478058926,318.704957645529,0,3,0
70,0.482796230622272,39.3534055631608,1,2,0
33,0.327447960969414,33.4487405978143,0,2,1
71,0.0720443602856387,99.0868380526437,1,5,0
27,0.856329294656189,10.6423752391384,2,0,0
55,0.90014467611649,8.0064375223719,0,2,1
70,0.974263320570846,13.4128590347245,0,1,1
54,0.162651654472873,13.9700898807496,0,1,1
67,0.0300117830438792,13.0596105661243,0,2,0
91,0.711193562959978,89.2580054095371,0,1,0
71,0.226809502529337,29.7433814639226,0,2,0
26,0.576060045409408,220.696816956696,0,1,0
79,0.441265901990141,6.64884124882519,0,2,0
90,0.743754959322895,0.97088900584757,0,4,0
61,0.151012588793522,122.906498718111,0,2,1
40,0.461522486726165,1.80396179668605,0,2,0
64,0.518562540745443,52.3103488680356,0,0,0
48,0.135673899336246,48.0910777905956,0,1,0
48,0.647930997258352,40.1617954438552,0,3,1
63,0.91849939723029,119.653488178773,0,2,1
86,0.250319201925092,42.8215487999842,0,2,1
23,0.0975990517436044,35.9569422528148,1,4,0
33,0.11965472980408,313.69985079407,0,2,1
48,0.916607996201313,60.4791965289041,0,3,1
50,0.100815082408914,383.206608845847,0,3,0
28,0.268905883983719,224.373862566498,0,2,0
72,0.145357957607699,80.0260461727513,0,0,0
70,0.048109500812978,73.4509019553661,1,1,0
43,0.874185994549496,206.828174842593,0,1,1
47,0.175151234496488,285.13013493746,3,1,1
23,0.341265353628319,126.374071077479,2,2,1
33,0.675050986426631,178.276657806781,2,0,1
39,1,76.5530536080347,0,3,1
18,0.596456998996787,7.60534972883761,0,2,1
51,0.786422010000985,23.2222103886306,0,1,0
59,0.447302621009753,6.0925309266895,0,1,0
80,0.537753975241297,0.40080048609525,0,2,0
58,0.125850998913237,179.632368841252,0,3,0
31,0.661109885694172,88.7927507842316,0,1,1
55,0.375827276187811,80.0195597686364,0,1,1
80,0.808413867540987,45.6915257684886,0,3,0
81,0.0825010621732982,98.9574244106544,0,2,0
71,0.599662260518787,22.372013092465,0,2,0
85,0.722457899222279,334.575138222569,0,2,0
40,0.631580532304076,169.533861512389,0,1,0
62,0.0609942827224555,69.5196432061493,0,4,0
73,0.0400795432483842,32.8314530679157,0,0,0
81,0.600537582160196,234.819721174533,0,1,0
44,0.311654315964336,5.18271366599947,1,2,1
85,0.030261276990269,63.2340562250465,2,2,1
25,0.419828964548406,122.921644770576,0,0,1
51,0.690296495301744,136.89500153534,0,2,0
39,0.0845444395377581,258.527045608384,0,1,0
45,0.302796402277369,63.5820223996416,0,1,1
86,0.407241817589465,54.5269115239356,0,2,0
41,0.44482911436558,261.361800356186,1,0,0
61,0.561181348288496,219.635393032875,0,1,0
64,0.889644099262944,138.093653437717,0,3,0
78,0.903389385437125,44.5261551480963,0,2,0
68,0.9522772677593,246.482387361673,0,0,0
51,0.514721744134485,76.2107176566496,0,2,0
57,0.381944614841155,205.937025351521,0,1,0
88,0.585810400799651,443.130657519392,0,0,0
86,0.585598870816102,120.302622919006,1,3,0
24,0.719669995641887,77.5992198335363,0,0,1
71,0.185584043798125,50.3393538435921,0,1,1
89,0.881046527836226,5.3251980754271,0,2,1
22,0.571159665822634,167.123372111925,0,4,1
89,0.238450745987418,130.527906878887,0,3,1
42,0.846114890791672,44.0588167589158,0,3,1
38,0.147455356670472,99.45221222475,0,1,0
79,0.215650876327442,72.2308175871149,0,1,0
79,0.591541957482128,156.080158032025,0,0,0
45,0.780839333013992,63.7124092224985,0,0,1
62,0.229670837182835,9.06506586354226,0,2,1
63,0.835160061083748,97.0108076883836,0,1,0
55,0.239628254048632,33.0466647166759,1,3,1
85,0.85515893498259,176.136556280238,0,0,0
69,0.508672444113496,211.316364323792,0,3,1
57,0.242856579591328,152.288371943904,0,1,0
69,1,282.318380144532,0,2,0
62,1,102.862421273449,1,1,1
53,0.280454300220089,203.676361898032,0,0,0
18,0.813711093369067,362.334005665176,0,2,1
47,0.707760914426973,200.451614530828,0,3,1
59,0.689032509317234,439.853224898867,0,2,0
80,0.494849057529213,91.2318944755969,0,0,1
90,0.0577399401591338,17.5798400258645,0,3,0
29,0.803911291644766,48.0446420703083,0,2,1
87,0.750729075297315,100.869359546377,0,4,0
60,0.534622849449924,52.3077928368002,0,4,0
76,0.397350988938189,239.108717297311,1,1,0
31,0.124131947207073,77.0190013992025,0,1,0
57,0.426619454873619,98.5398139422874,0,7,0
57,0.546641393904848,64.1435426380485,0,2,1
33,0.890449619722205,1.17013148963451,0,1,0
50,0.405729482583483,40.5364803075593,1,1,1
20,0.338000879626734,38.4795290193939,1,5,1
23,0.318830772062186,51.3285698706001,0,2,1
51,0.049800854616107,19.6625865725518,0,2,0
82,0.587326841254634,45.0721140498491,0,0,0
22,0,61.9986885273829,0,2,0
90,0.485266251774339,155.356239313331,3,0,0
50,0.351401952478491,276.296097827251,1,0,0
44,0.208830702195975,233.232013699705,0,1,0
20,0,102.666685027106,0,2,1
61,0.411746564038683,116.944739043972,0,1,0
28,0.506272686939813,5.10688374217791,0,2,1
67,1,7.65253839479583,0,2,1
23,0.979209330424762,92.2431886243059,0,2,1
24,0.226216520548226,10.4247486451641,0,0,0
71,0.890447912188342,26.5664775203913,0,2,1
88,0.746011035846304,65.9271462634206,0,1,0
63,0.338746651562804,101.34950954005,0,1,0
19,0.515552584466671,166.177078201679,1,2,1
50,0.469373464862658,45.1405949611217,0,0,0
50,0.183446261290825,59.0853464882821,0,0,0
22,0.67933821979169,127.517798512754,1,1,1
76,0.371248644323193,41.451997035183,0,2,1
54,0.706431868034973,21.3754360098392,0,3,0
66,1,970.442921985368,0,4,0
90,0,511.993609601845,0,1,0
76,0.882002118790055,164.390975525674,1,0,1
28,1,112.376886825113,3,0,1
22,0.196339409292284,182.108418429342,0,2,0
18,0.335356677059316,178.416052931695,1,3,1
63,0.518741994674442,62.6143600651994,0,0,1
49,1,106.01021496117,0,0,0
73,0.351631151970871,31.2037733518758,0,1,0
73,0.622829330068436,133.041990441306,0,2,1
73,0.369470015998322,53.0075121857226,0,5,0
46,0.757980184290669,162.671760659679,0,1,1
61,0.0673604878169145,114.322769627942,0,1,0
82,0.600932692455109,243.218983751828,0,0,1
27,0.949516054270955,102.158861167072,1,0,1
24,0.970207149364224,71.033305185847,0,0,1
43,1,268.718367215185,1,0,0
49,0.485356581004559,70.3188607329503,1,3,0
34,0.105983030878584,213.598247924891,0,3,1
83,0.572126902557582,141.670315382106,0,2,0
39,0.424592939103715,101.062464331805,0,2,0
71,0,33.2701118895784,1,3,0
81,0.5984195023514,23.2509913202375,0,2,0
39,0.390479276915416,44.4923898827056,0,1,0
67,0.629933408596651,259.666044679577,1,0,0
27,0.952020657015898,100.487117794431,0,2,1
55,0.449135215522085,126.325595001726,1,1,0
62,0.717134707450417,80.3538576179017,1,0,0
85,0.776062320934137,164.442527532713,0,3,0
75,0.8233019627977,8.73366164043546,1,0,1
57,0.750485363853252,134.915703884362,0,1,1
55,0.496881847066006,127.828258280678,0,1,0
55,1,60.3666002349928,0,1,1
86,0.0684147014178607,31.8474584305659,0,3,0
20,0.872047557259058,176.918110428449,0,1,1
43,0.465968790780185,44.4930392131209,0,2,0
65,0.207993251732665,38.0937295500189,0,1,0
39,0.548663442000678,302.27249335974,0,2,0
65,0.406879649273103,68.0810327362269,0,1,0
69,0.184043690897492,299.27310843497,1,3,1
24,0.972533691175855,22.7977550160737,0,3,0
43,0.85740651667219,2.0145045779193,0,2,1
72,0.195076581783048,177.371310805973,1,3,0
30,0.831092117833245,27.367013761651,0,0,1
40,0.7368875636741,77.5839570948582,0,1,0
47,1,150.375231741963,0,3,1
36,0.829914002750671,70.5504128802568,0,2,1
57,0.448774527394217,36.6958150360733,0,1,1
56,0.390087903798321,114.831947106481,1,2,0
78,0.84668158039116,6.76863564570737,0,4,0
61,0.439721381435866,3.29988472337615,0,1,0
88,0.504655465439519,133.713737563266,0,2,0
60,0.715634498002817,55.48747790648,0,3,0
86,0.482009676579464,202.488813037124,1,5,0
27,0.686121723205878,44.574998207903,1,2,0
42,0.571513833312933,218.617679523375,0,0,1
78,0.346864409598532,15.0357401946022,1,1,0
41,0.926190402932448,47.0124463730699,0,1,0
50,0.752605775921567,34.278452405706,1,3,1
51,0.408579402075124,77.7368414076401,1,2,0
75,0.53042653753499,61.7344510462135,0,0,1
90,0.82510722310757,140.835094158573,1,2,0
29,1,102.595327966736,0,1,1
27,0.168977498396495,45.9296926680156,0,1,0
83,0.855211276061391,82.8103873584214,0,1,1
39,0.588596003814831,18.4014772344381,1,1,0
75,1,50.3810232365504,0,3,1
64,0.766384692467285,12.826172554116,2,0,1
72,0.80485287854087,28.0557446434099,0,2,1
57,0.993582604905287,62.4910486396402,0,1,1
73,0.603483140102843,11.0312685230747,1,3,0
69,0.641353159596781,197.298659319129,0,1,0
79,0.469750807525325,90.7930786488934,1,0,0
65,0,176.722892577965,0,4,0
71,0.983148785370321,83.9782964746169,0,2,1
60,0.321841136132972,48.1154255988076,0,1,1
57,0.735416793323298,424.595971550039,0,2,1
46,0.723015239380984,34.6187418616244,0,2,0
37,0.226519643240057,183.574581304636,1,2,0
77,0.638276025158091,12.5702666812814,0,0,0
36,0.00298850641111976,5.50471155448108,1,2,0
49,0.558482095765241,59.0670336922631,0,3,0
50,0.276663267420939,198.633784381744,1,0,1
75,0.187470174450736,337.739415595445,0,4,0
83,0.761942681610563,25.7897540555034,0,1,0
91,0.889184706010356,40.6611678982154,1,2,0
62,0.355804072642879,107.704247529654,0,0,0
77,0.540603787409618,269.893235457237,0,2,0
37,0.818003364538176,42.0851843943819,0,3,1
78,0.260026631244191,91.2691274425371,0,1,0
70,0.737621935487455,31.4268705993891,1,4,1
53,0.816557294737059,94.4450047286583,0,2,0
50,0.188199508443473,152.608639822367,0,2,1
45,0.294373189229587,66.3004223117605,1,2,1
75,0.361369828215922,7.76423155795783,0,2,0
90,0.710034296528315,213.01323012456,2,1,0
51,0.656540714995666,70.2379880659282,0,3,0
60,0.489298544931172,118.785406488552,1,5,1
60,0.720919382372066,25.365275493823,0,4,1
75,0.476899509441694,119.119924441947,0,2,0
44,0.815398447603801,217.896745456454,1,0,1
66,0.201607435066798,7.83566095400602,2,2,0
21,0.482730388955601,104.28960578054,0,1,0
82,0.887709347090936,125.486447144334,0,1,0
32,0.341653399102999,14.3396310228854,0,3,0
91,0.226588160652816,13.4924211679026,0,1,0
41,0.231114325810413,19.0043114735452,0,2,0
39,0.913127426305426,59.5713804895058,0,1,1
50,0.464968470434003,38.9292651891999,0,2,0
20,0.373303070237318,158.539636028341,0,0,1
70,0.90897126803386,173.02089318079,1,1,0
91,0.77532383569666,143.886350817083,3,1,0
72,0.516691844498512,68.9262381428853,0,0,0
65,0.112629310782244,115.113631957246,0,2,0
83,0.703193946176786,29.9337930930778,0,2,0
32,0.113382821333273,89.8261310115445,2,3,0
87,0.911692769245869,2.01176056405356,2,2,1
19,0.140789039542556,332.103714700931,0,2,0
53,0.754061629275133,17.5686871468268,1,0,1
71,0.648415353877263,213.27620000387,0,0,0
29,0.454914708442176,160.849538862207,0,0,1
78,0.464095018755661,62.318196319975,0,1,1
28,0.332974677037931,40.0006677024066,0,1,1
41,0.836778664728189,110.17576599521,0,0,0
63,0.44745023937835,63.7394214328378,0,1,1
83,1,8.36693576798635,0,2,0
23,0.296836990455836,58.8192104874179,0,1,0
80,0.263701598777256,74.991427292116,1,5,0
88,0.142797498239855,12.6726209092885,0,1,0
45,0.594914628548637,40.5755853001028,0,1,0
51,1,22.0573021952838,0,2,1
23,0.0105037360524484,21.5298111312011,0,2,1
48,0.269446445816193,298.679045518036,2,2,0
76,1,189.899719515887,0,1,0
70,0.362139080972943,38.0375722656026,0,1,1
68,0.723848772228032,33.5412660287693,0,6,1
